id,name,sex,age,attack
1,ImamuraYoshimi,女,39,950
2,KanayaNene,女,46,200
3,SumidaRui,男,17,953
4,FukuzawaMiu,女,57,861
5,AmemiyaMitsuo,男,54,834
6,HidakaNoriyuki,男,55,119
7,YoshiiKiyoto,男,58,598
8,ItagakiFuuka,女,19,872
9,KatagiriKatsumi,男,42,903
10,NarumiKyouko,女,52,826
11,EbiharaShoujirou,男,52,13
12,TominagaReito,男,15,557
13,IshiwatariHikari,女,25,975
14,ShibuyaReina,女,41,922
15,TakimotoMasako,女,46,561
16,HosakaToshihiro,男,59,610
17,OotomoKazuki,男,22,341
18,YanagiHanako,女,26,55
19,KomineTetsuo,男,43,232
20,MatsunoAira,女,15,826
21,MurakiYuka,女,34,666
22,OdeAsuno,女,23,688
23,OnumaYume,女,39,106
24,ShimodaHiromi,女,46,845
25,MoriokaRyouichi,男,23,107
26,TakashimaShinji,男,52,735
27,OotaHitonari,男,17,816
28,YamaguchiFujio,男,19,566
29,TanimotoSaki,女,53,216
30,KawaharaKouichi,男,42,46
31,KashiwabaraTomiko,女,51,908
32,MotohashiShuuto,男,24,94
33,TodaYuuna,女,53,590
34,IkawaNagisa,女,57,872
35,IshizakiTamami,女,57,343
36,OginoAnri,女,10,356
37,YamawakiKahoko,女,13,965
38,OzekiKatsumi,男,19,802
39,NagashimaShouta,男,49,868
40,OdakaKikuo,男,38,940
41,IzumiIkuko,女,49,553
42,NagasakiKeiko,女,52,943
43,AragakiMitake,女,14,224
44,TawaraItsuki,女,16,931
45,OsakaChiyono,女,58,948
46,NaruseAkime,女,35,380
47,KogaSae,女,17,978
48,KamiyaKaho,女,34,379
49,IshiguroMasanobu,男,42,353
50,IkutaYuuko,女,59,403
51,HandaYukio,男,44,468
52,MuraseMisa,女,37,716
53,ImamuraAiko,女,34,871
54,MuraseNaomi,女,59,174
55,YoshiwaraKamna,女,19,583
56,OoiNozomi,女,44,498
57,NakanoMamoru,男,12,1
58,MatsudaAkari,女,54,878
59,SakumaMisa,女,31,30
60,YamagataMasaharu,男,42,185
61,TakeshitaKazuma,男,35,598
62,KumagayaKentarou,男,35,499
63,KatanoHirohisa,男,58,311
64,MikamiAkito,男,11,739
65,HamamotoShigemitsu,男,49,312
66,KawaguchiMako,女,57,922
67,NishimotoRitsuki,男,12,468
68,NiikuraNao,女,37,250
69,TakeharaKenji,男,59,617
70,MatsuyamaHiroyuki,男,24,486
71,AzumaGenya,男,19,163
72,TakeuchiShigemitsu,男,55,38
73,IharaKarina,女,10,942
74,NaganumaEtsuyo,女,59,447
75,OnumaNaruyoshi,男,36,174
76,UnoYoshihisa,男,43,138
77,AsanumaSeiko,女,18,1000
78,NagaseNonoka,女,12,641
79,AraiHitoshi,男,55,914
80,TanabeKiyonobu,男,39,769
81,KokubuHiroshi,男,22,645
82,HatanakaToshitada,男,50,143
83,KoyanagiYasuo,男,54,796
84,SekimotoHirofumi,男,57,8
85,NakagawaYoshiaki,男,28,484
86,WakayamaNatsuko,女,49,429
87,IkeuchiNana,女,46,560
88,NiheiAimi,女,24,823
89,KurahashiHirofumi,男,49,484
90,SakaiSetsuko,女,55,706
91,IshizawaYoshinari,男,24,146
92,TazakiKaho,女,19,93
93,HamanoKazuaki,男,29,25
94,MatsunoTomoyo,女,53,926
95,InomataYuuwa,男,11,284
96,MatsuoSena,女,10,824
97,OdaHinano,女,37,392
98,FujikawaMaki,女,39,961
99,HottaReiji,男,31,520
100,KawamuraTooru,男,41,882
101,ChibaRuna,女,33,652
102,TakaokaSorato,男,11,82
103,KanamoriHaruka,女,41,7
104,SekimotoChouzou,男,13,177
105,TsuboiSeiji,男,49,103
106,MatsuokaKokomi,女,22,790
107,MorimotoMichio,男,44,258
108,OoniwaBumpei,男,50,558
109,FukumotoKarin,女,32,552
110,KuriyamaKaho,女,27,534
111,YanagawaMorihiro,男,46,304
112,HiraiHiroya,男,22,26
113,TomiyamaMaho,女,52,582
114,NasuYoshiaki,男,55,438
115,TadokoroOsamu,男,37,370
116,FushimiKaito,男,36,944
117,TakenakaMio,女,22,13
118,UmezawaIchika,女,22,826
119,UemuraShigeo,男,37,997
120,ObataKotone,女,43,895
121,UmezawaSarasa,女,54,716
122,KazamaNoriyuki,男,41,596
123,YazakiKiyoto,男,11,811
124,SasamoriSaho,女,18,42
125,FukaiTakao,男,58,471
126,MatsunagaAyane,女,43,876
127,YasudaHanae,女,14,122
128,SakamotoYuzuki,男,35,424
129,HoriiTakeshi,男,56,215
130,ObataKeika,女,22,510
131,HirutaTsukino,女,20,99
132,KawashimaKinzou,男,25,664
133,IkedaAyaka,女,16,475
134,TawaraMasao,男,54,316
135,NegishiTorao,男,57,991
136,YasuiMikiko,女,32,888
137,IzawaRisa,女,53,697
138,IwakiAkira,男,44,520
139,TakamatsuSaki,女,49,31
140,KanMieko,女,31,662
141,MatsuoChuuzou,男,30,131
142,NakajimaAi,女,38,50
143,HigashinoTamaki,女,29,684
144,TakakuraYuriko,女,58,295
145,TakeshitaAyane,女,40,785
146,KurosawaEiji,男,41,821
147,AshidaNorio,男,20,819
148,MatsumotoRyouta,男,52,571
149,TsuruokaJuukichi,男,30,864
150,YoshiiTakatoshi,男,18,738
151,AizawaYuu,女,46,336
152,ItabashiKanon,女,11,752
153,NatoriKana,女,53,604
154,FushimiSachiko,女,51,376
155,MaruyamaTsuneo,男,52,181
156,YokoyamaRumi,女,58,820
157,OdaRuna,女,55,840
158,OderaMiyuki,女,36,823
159,KasaiHiroji,男,52,917
160,KoizumiYumi,女,27,611
161,OdaMiyuki,女,26,87
162,OomuraYuzuki,女,30,796
163,HashizumeMirei,女,30,355
164,IwabuchiMikiko,女,45,112
165,KidoTasuku,男,21,127
166,MiyanoKyouko,女,58,253
167,FukuchiSeiji,男,27,893
168,InuiTetsuya,男,27,787
169,TakeshitaRio,女,30,119
170,ToshimaMichiko,女,32,695
171,TabuchiKoume,女,52,343
172,OotakeKazuyoshi,男,48,757
173,AbeYoshio,男,51,845
174,MizoguchiYura,女,40,253
175,OjimaHaruhisa,男,33,453
176,KatanoYoshino,女,29,106
177,OgiwaraAsuma,男,16,377
178,HiranoOuma,男,17,117
179,DoiEmi,女,36,40
180,TodaAiko,女,46,372
181,IshizakiNatsumi,女,20,18
182,YoshikawaFumio,男,53,245
183,TsurutaTsubaki,女,29,926
184,TakeiAmna,女,51,250
185,TerasawaKaori,女,54,324
186,NakamoriShigeki,男,51,63
187,IshikuraToshie,女,31,674
188,SeoKaito,男,29,180
189,KodamaHironobu,男,33,536
190,TakahashiFuuka,女,12,744
191,IrieRina,女,52,416
192,NagasawaShigeo,男,52,980
193,NishimuraYoshiyuki,男,47,949
194,TakamuraAsuka,女,36,678
195,WatanabeFuuga,男,10,179
196,KawaiChoutarou,男,41,486
197,AzumaKoharu,女,20,779
198,AkimotoFumio,男,14,311
199,FujisawaYumi,女,44,575
200,KiuchiTadamasa,男,55,489
201,YoshinagaKenichi,男,47,105
202,TachikawaKiyora,男,11,213
203,AkaiHaru,女,18,723
204,TokunagaNoriko,女,59,718
205,IwaiAya,女,18,201
206,KuritaRikichi,男,41,379
207,AzumaHideka,女,50,174
208,KasaharaMasataka,男,44,734
209,OokawaYoshimi,女,40,288
210,DoiYui,女,45,991
211,KanamoriAki,女,12,865
212,UranoMisaki,女,24,595
213,UsamiRuna,女,34,648
214,OikawaNaho,女,49,562
215,InomataMaho,女,53,936
216,TerashimaTateaki,男,33,430
217,KitazawaTaiki,男,20,252
218,HirokawaHironobu,男,43,163
219,AsaiMasashi,男,24,656
220,HosonoHiroyuki,男,48,475
221,KamiokaRyuugo,男,28,896
222,YokomizoAtsuki,男,11,696
223,SasaharaToshirou,男,19,468
224,YoshiokaMasakazu,男,37,287
225,SawaiHana,女,56,581
226,OotaTadayoshi,男,28,160
227,OkayamaKenzou,男,31,267
228,KidoTakeharu,男,25,183
229,AbeSaika,女,39,80
230,KidaKeiko,女,54,540
231,KanoJirou,男,58,440
232,KashimaKazuhito,男,22,919
233,ImadaYuuhi,男,12,747
234,KogaKiryuu,男,20,210
235,HosonoAkari,女,12,943
236,IidaChieko,女,27,131
237,OyamadaHirofumi,男,27,499
238,KawaharaKatsutoshi,男,40,812
239,SugimuraKahona,女,26,503
240,TamnoKako,女,17,383
241,YoshinagaDaito,男,26,916
242,ShiraishiFumihiko,男,46,562
243,TakiguchiMinami,女,52,778
244,KitajimaManami,女,33,641
245,FuruichiYuzuha,女,22,453
246,NoharaAkiko,女,16,167
247,MoroboshiManaya,男,12,843
248,IshizukaShichirou,男,38,228
249,AsouYuna,女,10,26
250,KageyamaYua,女,15,774
251,YoshinagaShana,女,11,816
252,NagaseToshiharu,男,58,1
253,MuroiKeiichi,男,58,773
254,YasunagaHina,女,19,593
255,KurosawaRyuuhei,男,22,359
256,YamauchiKazuo,男,55,345
257,AkitaSana,女,32,912
258,NagaiYuzuka,女,40,217
259,KawabataYuki,女,17,734
260,ShidaSouichirou,男,12,770
261,KanenoMiki,女,18,22
262,TeraokaMahiro,男,14,296
263,AkamatsuSenri,男,10,19
264,OkanoChiharu,女,56,315
265,KasaiToshiko,女,33,126
266,KuhabaraKasumi,女,23,204
267,HidakaMasao,男,57,332
268,YoshizawaKen,男,45,862
269,KurokiJunichi,男,43,686
270,WakabayashiRin,女,50,121
271,TsudaTatsuji,男,59,250
272,KurosawaTaisei,男,11,224
273,ShinodaRio,女,15,944
274,IchimuraHiroki,男,38,283
275,GotouKotomi,女,55,824
276,IshizakaTomokazu,男,39,198
277,MiyakawaTatsuo,男,24,286
278,HoshiYuuka,女,44,557
279,AsaiKaoru,女,19,227
280,YamaguchiShouji,男,57,152
281,MiyajimaHaruna,女,29,517
282,OdeKiyonobu,男,37,204
283,HoshinoTamio,男,33,540
284,KitayamaSaya,女,47,37
285,YoshimotoIkuyo,女,43,514
286,TsukagoshiKoukichi,男,59,832
287,FurukawaMasahiko,男,32,894
288,InadaMai,女,35,326
289,OomiyaMasataka,男,43,369
290,ImadaYuuha,女,25,733
291,KakiuchiKazuhiro,男,45,442
292,KamiyamaTakatoshi,男,41,344
293,AizawaHatsuo,男,59,161
294,HamaHaruki,男,17,277
295,TsukadaRumi,女,55,873
296,NarumiKoukichi,男,12,455
297,KitaHideki,男,34,709
298,InuiTsuneo,男,35,67
299,MatsumotoMorihiko,男,30,143
300,IwashitaSeigo,男,14,626
301,MasakiKikuo,男,17,591
302,YabukiAyana,女,38,796
303,ArayaHirofumi,男,53,752
304,IwabuchiMei,女,47,475
305,OotaKisaburou,男,28,158
306,MizutaniYoshiko,女,59,50
307,UchimuraRyouichi,男,50,791
308,OgataKatsutarou,男,23,239
309,OotomoKinichi,男,36,393
310,TakiTaiyou,男,13,681
311,DoiAkihito,男,22,106
312,NakaneRiko,女,17,428
313,NagaiAyaka,女,14,328
314,MaeharaSatoko,女,42,584
315,YoshizawaMako,女,31,271
316,KamiokaNagisa,女,19,268
317,KubotaMirai,男,29,527
318,HibinoYuuta,男,30,145
319,MiyawakiHiroyuki,男,31,489
320,NittaMao,女,53,918
321,NumataWajima,男,25,759
322,FukumotoHina,女,29,63
323,KurosawaMasao,男,27,238
324,IkutaHideki,男,41,777
325,HiraharaMarina,女,51,319
326,MorishimaNana,女,46,427
327,KatagiriYui,女,39,118
328,KitaAyano,女,59,458
329,AnzaiToyoko,女,26,859
330,HorikawaYoshihisa,男,26,430
331,IdeReiji,男,54,895
332,OotaAyana,女,38,618
333,KataokaTakafumi,男,34,686
334,KameyamaNanato,男,12,791
335,EbiharaMatsuo,男,43,751
336,TeraokaYouichi,男,43,443
337,AidaHaruhiko,男,56,885
338,OguraShirou,男,34,422
339,KajiwaraYui,女,33,706
340,TominagaSara,女,21,253
341,HaraNaoyoshi,男,43,13
342,TamaiItsuko,女,34,345
343,MuraokaFumika,女,19,70
344,KishiRie,女,43,808
345,KawaharaOtome,女,15,448
346,OkamotoTetsuo,男,20,48
347,OgasawaraTakuya,男,19,439
348,EguchiRyuuichi,男,31,655
349,FukuokaSaichi,男,48,565
350,EndouKyouko,女,21,983
351,AsakuraNagisa,女,21,160
352,YoshinagaYuzuki,女,21,636
353,TaueKatsuji,男,37,494
354,HirutaKinji,男,48,141
355,KawaiSueji,男,43,401
356,KasaiAkitomo,男,21,324
357,SatouYuuri,女,46,798
358,SudouShoujirou,男,26,392
359,MotohashiAkari,女,20,594
360,HoriMasaki,男,22,918
361,IwashitaSatoko,女,16,851
362,SetoMayumi,女,59,548
363,NishidaMomoka,女,15,271
364,AragakiKozue,女,32,457
365,OotsukiHiroyuki,男,32,893
366,YoshizakiReiji,男,40,692
367,OodakaRisa,女,23,60
368,KakutaKairi,男,19,542
369,SakaiHideo,男,45,971
370,KajitaShunji,男,37,451
371,DoiTakaharu,男,17,292
372,SugaiMika,女,48,901
373,KumakuraKatsuko,女,18,967
374,OomuraRina,女,25,723
375,MatsumotoSayaka,女,50,995
376,ShibataAine,女,36,838
377,KawamotoNobuo,男,23,818
378,SetoAsumi,男,16,723
379,NishiwakiSara,女,55,455
380,ShiotaniYuki,女,21,135
381,KomnoRio,女,50,56
382,AnzaiKaede,女,50,985
383,MiyaharaNoriko,女,39,952
384,OotaHana,女,41,62
385,YamagataMomoka,女,52,972
386,AtsumiShunki,男,51,981
387,TamnoTakashi,男,32,681
388,HisanoRitsuki,男,15,837
389,FurukawaTadamasa,男,11,261
390,MasukoYoshina,女,47,653
391,KawakamiTouma,女,33,595
392,ArimaShion,女,14,861
393,OkiShintarou,男,45,526
394,AsakawaIori,女,28,68
395,MiyawakiYuuichi,男,38,322
396,MasakiNaoki,男,12,59
397,NakataniKaya,女,25,904
398,EdaRio,女,52,416
399,AkamatsuHimari,女,36,302
400,AgatsumaToujou,女,48,512
401,TerashimaRuna,女,31,190
402,KamijouTomo,女,21,442
403,NakabayashiSayuri,女,37,542
404,TodaShirou,男,27,593
405,MiyasakaMariko,女,25,911
406,MoriiMikoto,女,13,825
407,ShirakiRyuuki,男,16,853
408,KawaiAkio,男,39,278
409,MatsuzakiAzumi,女,21,336
410,ShigematsuMomoka,女,57,950
411,UtsumiNaoyoshi,男,15,149
412,NaruseTowa,女,20,35
413,ManabeEitarou,男,11,196
414,NamikiTatsuo,男,15,117
415,KitayamaTakafumi,男,46,232
416,IkutaYume,女,53,798
417,SawamuraAyako,女,27,731
418,TakatsuNahoko,女,11,781
419,MasakiTomoko,女,42,483
420,UeharaToshiaki,男,52,32
421,HiratsukaYuzu,女,50,390
422,IdaNobuyuki,男,29,948
423,AokiKeiko,女,23,581
424,NakagawaHidenori,男,22,955
425,GomiHaruka,女,22,863
426,KawabataKimiko,男,28,370
427,OkazakiTorao,男,46,437
428,SegawaEmi,女,20,433
429,TakagiShouei,男,28,818
430,HayashiMomiji,女,36,446
431,SamejimaToshimasa,男,57,885
432,KuroiwaKaichi,男,23,323
433,NagashimaYuu,女,24,465
434,KidaYoshikazu,男,49,607
435,HottaToshiaki,男,50,664
436,HosoyaAkane,女,12,554
437,ShigematsuMasaki,男,52,251
438,NakazawaHaruta,男,13,298
439,TsudaGemnosuke,男,22,316
440,SaitouKiyoko,女,44,912
441,FujiokaShouzou,男,26,295
442,YabeFumio,男,46,357
443,TakeuchiFuuka,女,28,393
444,YamashitaYuriko,女,25,936
445,SuganoTakashi,男,13,862
446,MakiMirai,女,28,426
447,HirokawaYoshikatsu,男,43,806
448,IshikawaNaruyoshi,男,35,846
449,KuribayashiYuri,女,44,220
450,UchinoMiharu,女,33,340
451,SugiuraKouichi,男,59,219
452,KanekoKeigo,男,22,312
453,YamamotoKouji,男,24,964
454,KurodaNozomi,女,17,348
455,MizutaniTateaki,男,40,530
456,YokomizoHiroaki,男,41,329
457,EgawaMiki,女,53,793
458,KurokiToyoaki,男,32,768
459,HashizumeKahona,女,14,315
460,MochidaWajima,男,48,817
461,YokooAika,女,17,990
462,OobayashiSaya,女,21,596
463,ItagakiTarou,男,49,109
464,OnumaKenkichi,男,58,924
465,HashimotoYui,女,48,975
466,OguraRen,男,19,913
467,TamakiEtsuyo,女,51,494
468,OkanoAyaka,女,23,356
469,HamaguchiShinya,男,13,244
470,TakeharaMio,女,52,743
471,KawashimaKaho,女,53,997
472,KitaAimi,女,40,934
473,UnoMoeko,女,19,228
474,AsanumaRyouzou,男,47,277
475,NumataKiyoshi,男,31,621
476,KomuraHarumi,女,52,231
477,TaueSouya,男,22,668
478,KamiokaShouko,女,47,593
479,NamikiKinsaku,男,57,492
480,UchimuraTomoko,女,26,679
481,YoshinoNatsumi,女,52,158
482,SoumaIbuki,男,22,744
483,FushimiToshiaki,男,48,726
484,TakedaMoeka,女,35,33
485,KandaShiho,女,37,387
486,KatsutaChiyono,女,15,662
487,HoriiKouichi,男,44,711
488,TamnoUkyou,男,23,313
489,MitsuiMai,女,25,279
490,KishidaShigeyoshi,男,37,186
491,ShimokawaRio,女,26,468
492,OkazakiToujou,女,25,935
493,HirokawaSadao,男,52,968
494,TeradaMirei,女,28,491
495,IshigakiNobuo,男,48,821
496,OmataKaren,女,11,125
497,UmedaKoto,男,15,376
498,SakuraiMikiko,女,32,506
499,KouyaNaoki,男,53,823
500,TsuyukiSuzuka,女,59,844
501,HorieSuzuno,女,10,149
502,UsamiKanon,女,19,474
503,OowadaKiyoko,女,27,718
504,FukuyamaSuzune,女,32,895
505,OjimaKurumi,女,29,825
506,NozawaRiho,女,34,481
507,YatsutaYoshio,男,13,377
508,TakiguchiYuushi,男,11,481
509,MarutaTaeko,女,32,592
510,HosokawaNaho,女,29,931
511,AkiyamaSeiya,男,22,799
512,KashimaRyuunosuke,男,12,923
513,ArigaAiko,女,43,574
514,TominagaToshinori,男,36,496
515,TomiyamaTsuneo,男,33,14
516,OikawaOuka,女,47,422
517,NiikuraMaemi,女,12,415
518,KanekoMio,女,35,470
519,ArigaToushirou,男,11,974
520,KumazawaNatsumi,女,20,316
521,TadokoroTakashi,男,25,997
522,YazawaMorihiko,男,49,237
523,YoshiiYoshino,女,22,43
524,OjimaSaya,女,27,480
525,MasudaMizuki,男,19,972
526,TakitaIkumi,女,16,835
527,DoiKouga,男,15,798
528,HosodaHarumi,女,20,278
529,TsuchiyaHaruka,女,42,332
530,HandaShou,男,20,944
531,SumidaOuka,女,42,173
532,NaitouAkiko,女,45,154
533,YasukawaKaho,女,17,618
534,MatsudaKenshou,男,15,152
535,ChibaMaho,女,38,310
536,TajiriYasuko,女,33,757
537,HamadaHiroshi,男,22,922
538,HayashiShuuji,男,58,278
539,KomuraMakiko,女,24,516
540,NaruseRisa,女,40,906
541,KusunokiMasaki,男,57,489
542,TamaiSaori,女,28,881
543,TsurutaJunzou,男,40,146
544,MikiMayuko,女,41,733
545,IijimaToshiyuki,男,36,402
546,IshimaruKoutarou,男,18,955
547,HinoIsao,男,37,2
548,YokokawaChiaki,女,35,724
549,NishiokaShiho,女,42,758
550,MiyajimaSanae,女,38,23
551,MatsuuraItsuko,女,45,406
552,YonedaHaruna,女,42,472
553,MuroiYura,女,27,340
554,TsuzukiKiyoto,男,23,637
555,MorinagaAmna,女,50,752
556,IshizukaMakoto,女,18,601
557,IkutaKenyuu,男,15,344
558,SatakeMasahiro,男,26,637
559,MatsuiYuuta,男,42,838
560,IdeMasaharu,男,17,731
561,MoriiYasuo,男,41,530
562,YamakawaUno,女,10,725
563,HaraguchiMichiyo,女,53,306
564,TejimaKazuo,男,32,326
565,TajiriKoushou,男,16,504
566,IshiharaHiroto,男,11,141
567,YabukiMitsuteru,男,25,384
568,YoshiwaraHajime,男,36,329
569,NakamoriYuzuka,女,56,646
570,ItakuraReiko,女,51,982
571,MatobaHaruka,女,19,289
572,OotsukaRinka,女,18,35
573,MatsuzawaRino,女,12,434
574,OkiYuuri,女,28,621
575,TezukaAyano,女,58,12
576,OoshitaReina,女,50,31
577,NambuKotono,女,36,274
578,AzumaKatsuo,男,43,96
579,TobitaTsutomu,男,57,245
580,MaruyamaMiharu,女,23,897
581,AnzaiYoshihiko,男,24,370
582,YoshizawaYura,女,39,51
583,MatsunoTakehide,男,36,666
584,HiraiRiko,女,27,678
585,SudouHonoka,女,39,501
586,AkibaNana,女,59,126
587,AnzaiShiho,女,33,53
588,KikutaRyuugo,男,56,753
589,MochizukiRyuukou,男,54,65
590,ShirakawaSouha,男,13,668
591,MizoguchiTakeshi,男,36,964
592,ShigematsuAzumi,女,11,328
593,MatsukawaJuurou,男,36,488
594,TakaiKichinosuke,男,44,791
595,SoneShinya,男,31,545
596,YanagidaHinano,女,56,159
597,YasudaHinako,女,12,553
598,NagasakiEmi,女,56,381
599,NogamiAyaka,女,52,16
600,TakayamaMitsunobu,男,58,525
601,MukaiSatoko,女,55,863
602,FushimiMiki,男,39,941
603,MotohashiKaori,女,33,4
604,MizuguchiHiroyuki,男,44,586
605,HamanoShino,女,10,223
606,BanKousei,男,18,16
607,TsukamotoAina,女,42,562
608,AokiMana,女,55,318
609,YamagishiSouga,男,25,283
610,YamagamiShizuka,女,32,902
611,AgatsumaMizuki,女,48,246
612,InoueMaya,女,14,247
613,TakenakaKaito,男,14,235
614,HidakaReiko,女,18,686
615,InuiHiyori,女,59,759
616,KawabataKenta,男,46,38
617,OotsukaNobuyoshi,男,29,989
618,HasebeYuka,女,33,852
619,UchidaAyano,女,21,19
620,UmemuraHana,女,46,937
621,NakaYoshito,男,41,200
622,InadaTooru,男,11,936
623,KurodaMitsunobu,男,50,424
624,HiramotoRio,女,41,985
625,OokuboAiri,女,41,774
626,NagataHiiro,女,47,459
627,KishimotoMisaki,女,35,350
628,ManoHeiichi,男,35,971
629,UchimuraKoharu,女,19,658
630,HirataTamaki,女,42,782
631,TobitaSayaka,女,50,994
632,SuzukiKeina,女,15,937
633,MimuraAyana,女,36,885
634,SakuradaMakiko,女,40,602
635,SeoAiha,女,38,538
636,FurutaYukikazu,男,19,866
637,TanimotoAtsuhiro,男,12,301
638,SogaSusumu,男,50,611
639,SugiuraChikako,女,22,817
640,FurukawaAyumi,女,12,714
641,AritaKouzou,男,27,836
642,AritaSayuna,女,15,986
643,AganoShigeki,男,15,305
644,OoshitaMikio,男,51,152
645,TsukagoshiHina,女,50,460
646,ShibuyaKaho,女,48,285
647,NinomiyaYasuyoshi,男,39,222
648,YokotaYoshiyuki,男,42,658
649,OosawaNatsuki,女,53,877
650,SakataChihoko,女,13,874
651,UdagawaAsuka,女,55,442
652,ShiraishiHiromi,女,52,102
653,UmekiShunsuke,男,14,394
654,HamanoKento,男,10,219
655,KidoAyato,男,25,447
656,OkaHaruo,男,36,322
657,HorieYuri,女,27,646
658,KameiShoutarou,男,50,211
659,HanadaRuka,女,25,676
660,KawanishiSakura,女,25,420
661,MiyauchiTaeko,女,22,111
662,IdaRio,女,27,975
663,HiraiAkime,女,41,438
664,YanagisawaNobuko,女,56,999
665,NishitaniShinichi,男,46,933
666,IharaToshio,男,51,911
667,ShinodaAkito,男,24,160
668,TeraoHiroaki,男,14,166
669,UdagawaSouma,男,12,817
670,YadaHitomi,女,30,239
671,FukudaAyako,女,52,829
672,TsumuraSaaya,女,29,234
673,MiyasakaMasaji,男,37,981
674,FuruyaSeiga,男,26,467
675,YabeKouji,男,56,997
676,AndouShinji,男,23,183
677,IsobeSoudai,男,10,438
678,SugimotoKazuyoshi,男,47,133
679,OkajimaMasatoshi,男,16,616
680,HatanoAkishi,男,20,674
681,SakagamiHaruka,女,48,706
682,MatsukawaSachika,女,11,797
683,NittaAiri,女,34,57
684,TsukaharaYuuna,女,23,21
685,TokudaTakako,女,17,592
686,HataMia,女,27,259
687,TakemuraShizue,女,39,566
688,KusakaHaruka,男,29,153
689,NonakaToshio,男,46,607
690,MakiYasuhiro,男,59,779
691,MatsushimaRikuya,男,10,448
692,MatsuzawaMasaru,男,17,426
693,KumagayaSeisaku,男,24,657
694,KojimaShouji,男,29,190
695,InagakiSusumu,男,31,220
696,KiuchiKinya,男,39,269
697,IsobeShigeko,女,54,471
698,ShigematsuYuuka,女,46,257
699,AganoAsuka,女,49,770
700,AsakuraKeizou,男,51,657
701,AizawaDaichi,男,49,87
702,TakedaKarin,女,37,371
703,TsudaKonoka,女,12,936
704,YanoTeruo,男,32,747
705,OkiMina,女,53,794
706,TabataYuiko,女,10,495
707,YamaneKeiko,女,29,796
708,WatanabeMitsue,女,58,385
709,IshiwatariMio,女,44,110
710,UeharaTetsumi,女,49,440
711,UjiieChizuko,女,27,486
712,NagayamaSayaka,女,53,469
713,BabaHiroyuki,男,56,327
714,NakanishiRyousuke,男,25,475
715,OotsukiTakami,女,25,143
716,IinoNorihisa,男,14,172
717,NomuraHanako,女,14,118
718,MiyauchiHideo,男,47,794
719,KakiuchiMao,女,53,349
720,SakaiChihiro,女,35,249
721,AizawaYuika,女,33,898
722,ShudouToshirou,男,42,818
723,UjiieMiyu,女,57,667
724,KandaMiyuu,女,48,728
725,KawanishiYumi,女,44,874
726,SenooMitsuteru,男,46,198
727,OonoMinayo,女,20,692
728,HataMidori,女,37,787
729,HirayamaHirofumi,男,24,506
730,ObataRui,女,16,503
731,AgatsumaFuuka,女,14,724
732,KitamuraKaede,女,38,923
733,MoriokaReiko,女,44,701
734,BanHina,女,18,84
735,MatsuzawaSaki,女,51,692
736,YazawaMitsuo,男,45,894
737,SugiyamaMao,女,41,733
738,KikuchiSora,女,26,768
739,FukuyamaYoshio,男,42,267
740,FurukawaKihachirou,男,23,206
741,MoroboshiRitsuko,女,40,664
742,HamaKazuya,男,32,114
743,TakamatsuKazuya,男,57,78
744,TotsukaSena,男,26,605
745,KitaSawako,女,11,173
746,MakiMikumo,女,24,633
747,KogureYuzuka,女,59,776
748,OkabeKiichirou,男,34,429
749,ShigetaAkira,男,29,669
750,IwasakiYuika,女,13,630
751,OoyamaAoma,男,16,939
752,KidoHirokazu,男,47,936
753,OginoTokio,男,41,562
754,MaenoMasafumi,男,21,501
755,HorikoshiMisumi,男,13,127
756,NomaYuuna,女,49,430
757,KusakaAkito,男,23,417
758,MoriTatsuo,男,48,991
759,MatsuiTakashi,男,26,71
760,ShirakawaAkiko,女,24,419
761,UemuraHaru,女,35,971
762,KawaiBumpei,男,26,748
763,MuroiEri,女,43,650
764,TerashimaFumito,男,12,47
765,NishiYudai,男,23,468
766,OnodaKarin,女,11,455
767,TaguchiKoukichi,男,41,893
768,HatakeyamaYasuko,女,25,489
769,SekiyaNaoto,男,30,74
770,ItouYuzuki,女,37,798
771,KurozakiNatsuki,女,37,232
772,TakasakiHaruo,男,36,500
773,OgawaAtsumu,男,47,688
774,OotaKyouko,女,30,623
775,OoshiroYua,女,24,807
776,AkamatsuTakeshi,男,55,408
777,OoniwaMisako,女,28,145
778,SeoTomoka,女,44,544
779,KawaharaHiyori,女,51,247
780,FukuokaMaaya,女,14,586
781,FukaiMasao,男,54,130
782,KokubuEizou,男,55,72
783,GunjiMasayasu,男,58,814
784,KatsutaIchirou,男,41,481
785,OomuraShouzou,男,57,25
786,KawaguchiSetsuka,女,10,397
787,HoujouHiromi,女,55,737
788,TsuchidaKikuo,男,50,998
789,SuganoHiroto,男,10,179
790,OguchiTamaki,女,21,55
791,NomaKyouko,女,28,331
792,NakazawaYouko,女,35,233
793,OobuchiNobuaki,男,47,757
794,HamanoMitsuko,女,41,177
795,KurosawaShino,女,41,112
796,OguraTakenobu,男,32,540
797,TamakiYasushi,男,40,863
798,NakanoSadao,男,54,888
799,NagaseKaho,女,45,68
800,GotouKanekichi,男,54,731
801,OogawaraTokujirou,男,53,24
802,OuuchiIsao,男,56,208
803,ShimazakiKako,女,30,313
804,NaraNanase,男,22,457
805,MiyajimaAkiko,女,54,118
806,SatouDaiki,男,36,518
807,YagiTokumi,女,19,38
808,KurokiToshio,男,55,211
809,YasudaNaoki,男,51,382
810,SakashitaMizuki,女,30,956
811,HiroseSouya,男,15,209
812,KanEizou,男,46,502
813,HinoShion,女,52,686
814,HiraiRio,女,16,314
815,IzawaSaki,女,50,457
816,MatsukawaJuukichi,男,27,949
817,UmemuraHanako,女,46,668
818,KoizumiNoa,女,52,754
819,FujiokaMiyo,女,14,275
820,MoriyamaYumiko,女,53,52
821,YamakawaMarin,女,32,107
822,MiharaYuika,女,56,694
823,OjimaMizuki,女,15,470
824,TsuchiyaAkio,女,22,702
825,KoudaShizuo,男,29,443
826,MiuraKouji,男,36,380
827,TamaiMitsuo,男,50,48
828,InabaSeizaburou,男,46,984
829,IgarashiMasaji,男,26,853
830,IdeTeruo,男,20,950
831,NagashimaAoi,女,37,636
832,YamaguchiIroha,女,42,370
833,FuruyaSayaka,女,54,177
834,OkayamaHirohito,男,24,75
835,MorikawaDaisuke,男,19,616
836,KomatsuMami,女,46,340
837,MizutaniMasahiro,男,52,669
838,MasukoTomokazu,男,18,791
839,NishiguchiMai,女,17,401
840,HidakaYoshikatsu,男,48,252
841,ImanishiAyumi,女,23,996
842,UchinoMuneo,男,54,530
843,TajimaMizuho,女,43,237
844,OkabeYuika,女,48,462
845,KosugeKanon,女,44,592
846,OosawaToshiyuki,男,24,47
847,TadokoroTadashi,男,28,142
848,SakaiShigeko,女,32,693
849,TamakiSousuke,男,18,440
850,KaminoRin,女,39,579
851,TakatsuYuuna,女,46,198
852,HamaguchiMitsue,女,30,479
853,AsakuraYuika,女,58,959
854,ShidaChizuru,女,46,443
855,NiheiWakana,女,18,873
856,NagataToshio,男,34,268
857,SomeyaMasami,女,43,607
858,OmataYuri,女,50,456
859,OotsukiSouichirou,男,25,356
860,SekineMoeka,女,54,675
861,TakefujiRiho,女,39,848
862,KawaiSaki,女,22,557
863,NakazatoKenji,男,47,329
864,KawagoeSada,女,43,87
865,HosonoYuuki,女,45,776
866,IshibashiChieri,女,19,474
867,KanouSuzuka,女,43,801
868,MiyasakaYasuhiko,男,42,816
869,NaganoKaichi,男,23,603
870,KitaMako,女,42,674
871,OkuKinji,男,58,93
872,KawabataAyako,女,40,829
873,OchiYuzuru,男,57,485
874,KousakaAzusa,女,29,3
875,IkedaKazuko,女,52,468
876,AnzaiIchika,女,57,213
877,KamiyamaHonoka,女,52,852
878,FujitaAkito,男,24,344
879,TsutsuiFuku,男,19,901
880,OoshiroMasae,女,26,806
881,IwamotoEiji,男,31,366
882,OkumuraKenichi,男,46,799
883,FukudaHiroaki,男,54,151
884,TsukadaToshio,男,59,167
885,OoiSaya,女,51,878
886,HosodaKumi,女,31,861
887,TachibanaYuzuha,女,29,347
888,KawashimaAkihiko,男,12,839
889,AnzaiMinako,女,19,209
890,IwashitaMia,女,17,221
891,TamakiMasaru,男,53,695
892,SakashitaYuuna,女,48,642
893,IidaJirou,男,55,556
894,OoiMasako,女,58,177
895,MatsuuraAtsushi,男,24,866
896,IshimaruYuuna,女,14,905
897,OchiaiHana,女,37,265
898,OotaAo,男,25,728
899,KaseOsamu,男,27,347
900,KuboHiroyuki,男,45,632
901,IshimuraYoshiji,男,44,170
902,MatsuzawaMao,女,38,407
903,AdachiKano,女,41,342
904,HanaiRihito,男,24,520
905,AgatsumaHirohisa,男,40,844
906,NagaokaTsugio,男,37,120
907,KawadaMisuzu,女,44,14
908,MaeharaShouji,男,21,571
909,NomotoMitsuru,男,21,331
910,KusakaJuri,女,20,496
911,OoyamaKarina,女,14,309
912,TamadaGenta,男,10,424
913,OohashiHiroyuki,男,52,998
914,MatsuzawaMasakazu,男,18,980
915,HongouTakako,女,45,190
916,KawadaRin,女,23,207
917,ShibuyaHiroyuki,男,43,158
918,NakamuraMutsumi,女,49,369
919,AoyamaHiroyuki,男,58,177
920,HirayamaYosaburou,男,34,807
921,HisanoToyoki,男,56,70
922,OdakaAtsuhiko,男,49,300
923,AkibaKimi,女,19,214
924,SawamuraKarin,女,33,161
925,SudouTeruo,男,31,916
926,IkemotoSetsuo,男,38,408
927,HirataYoshihisa,男,53,911
928,ShinoharaHonoka,女,48,806
929,HiraokaKiichi,男,31,976
930,NomotoYuuhei,男,54,787
931,SonodaRuki,男,20,21
932,MiyakeKazuhiro,男,58,954
933,IsozakiKenichi,男,12,969
934,TawaraChisaki,女,44,816
935,TazawaMei,女,59,597
936,MuramatsuHouko,女,12,392
937,ShimadaMai,女,37,630
938,TsutsumiSora,女,56,319
939,KawamotoKaoruko,女,12,263
940,IshizukaHiroko,女,28,767
941,OchiaiYuuka,女,55,50
942,OotsukiHiroshi,男,58,397
943,TsuboiAkiko,女,13,938
944,InamuraIchika,女,21,250
945,ShindouYuuha,女,16,478
946,ToyodaFuuka,女,12,102
947,AsanoMaho,女,33,444
948,SekiyaChuuzou,男,43,839
949,HirayoshiEmi,女,57,417
950,FukunagaKomako,女,14,656
951,KawanoAono,女,30,862
952,OkiKenji,男,38,199
953,TakatsuKanon,女,40,353
954,NagaiAyu,女,32,442
955,TomizawaMasashi,男,51,114
956,HamanoYuika,女,33,709
957,MiyazakiGaku,男,20,638
958,HashiguchiKouji,男,31,21
959,KoikeFujio,男,21,653
960,YokomizoRui,男,17,999
961,NegishiEizaburou,男,33,298
962,MiyazakiItsuki,男,28,396
963,OosawaTokiko,女,47,633
964,OotakeMasao,男,52,72
965,HatakeyamaMatsuo,男,30,437
966,KiharaAmane,女,23,690
967,KanzakiKinji,男,16,749
968,ShiodaChuuichi,男,52,766
969,ImamuraAkari,女,52,790
970,HorieMiyu,女,18,325
971,MatsubaraKouya,男,17,941
972,YamaguchiEiji,男,17,400
973,SekimotoTokio,男,58,364
974,NakazawaShigeru,男,56,81
975,MaekawaMiyuu,女,49,38
976,TakazawaHitomi,女,45,166
977,OsakaMasashi,男,52,407
978,ShibuyaGemnosuke,男,17,447
979,NegishiKaito,男,16,251
980,NaganumaYuzuki,女,29,221
981,NonakaRyoutarou,男,14,266
982,MitaniAkiho,男,26,114
983,KishiMakoto,男,47,327
984,SendaHibiki,女,28,67
985,YazawaSora,女,52,934
986,SaegusaIkuko,女,35,496
987,YanagiAzumi,女,13,210
988,TakazawaKanichi,男,37,425
989,SugaNatsumi,女,56,731
990,MatsukawaHaruki,男,16,37
991,EgawaMitsunari,男,37,440
992,KasuyaTakao,男,45,676
993,NittaKouhei,男,47,972
994,DoiChiaki,女,42,574
995,NishimotoNae,女,28,533
996,TsurutaKazusa,男,15,670
997,NittaChiyoko,女,55,475
998,YoshimuraKarin,女,34,706
999,KawaiKaede,女,15,443
1000,SuganoNaoko,女,27,922